{
  "algorithm": "logistic_regression",
  "training_samples": 7894,
  "test_samples": 1974,
  "accuracy": 0.9024,
  "log_loss": 0.8054,
  "cv_mean_accuracy": 0.895,
  "cv_std_accuracy": 0.0025,
  "classes": [
    "away_win",
    "draw",
    "home_win"
  ],
  "feature_importance": {
    "confederation_matchup_AFC_vs_OFC": 0.41639389089996187,
    "confederation_matchup_AFC_vs_CONCACAF": 0.35613558790820793,
    "win_rate_diff": 0.33682355203218917,
    "home_win_rate": 0.33316802392078443,
    "confederation_matchup_CONCACAF_vs_UEFA": 0.3274767790062935,
    "confederation_matchup_CONMEBOL_vs_OTHER": 0.30374377126421886,
    "confederation_matchup_OFC_vs_UEFA": 0.2639522644571421,
    "confederation_matchup_CAF_vs_CONCACAF": 0.2636860175173823,
    "confederation_matchup_CONMEBOL_vs_CONMEBOL": 0.2444997044016941,
    "confederation_matchup_AFC_vs_CONMEBOL": 0.23754470685585125,
    "confederation_matchup_CAF_vs_OTHER": 0.2285319976781369,
    "confederation_matchup_CONMEBOL_vs_OFC": 0.2161938482584663,
    "confederation_matchup_OFC_vs_OTHER": 0.20611652220483023,
    "confederation_matchup_AFC_vs_CAF": 0.19354294890798115,
    "confederation_matchup_CAF_vs_CONMEBOL": 0.1861735690224167
  },
  "selected_algorithm": "logistic_regression"
}