{
  "algorithm": "logistic_regression",
  "training_samples": 7901,
  "test_samples": 1976,
  "accuracy": 0.9024,
  "log_loss": 0.8156,
  "cv_mean_accuracy": 0.895,
  "cv_std_accuracy": 0.0057,
  "classes": [
    "away_win",
    "draw",
    "home_win"
  ],
  "feature_importance": {
    "confederation_matchup_OFC_vs_UEFA": 0.5081816133818363,
    "confederation_matchup_CAF_vs_CONCACAF": 0.4198164369721828,
    "confederation_matchup_AFC_vs_CONCACAF": 0.40743315684115194,
    "confederation_matchup_AFC_vs_OFC": 0.3854039346193055,
    "confederation_matchup_AFC_vs_CAF": 0.3848359737622511,
    "confederation_matchup_CONCACAF_vs_UEFA": 0.357846856335206,
    "home_win_rate": 0.35468818316865186,
    "confederation_matchup_OFC_vs_OTHER": 0.31589037992596086,
    "win_rate_diff": 0.31110826749223125,
    "confederation_matchup_CONMEBOL_vs_OFC": 0.3084857280872551,
    "confederation_matchup_CAF_vs_CONMEBOL": 0.26330372191488466,
    "confederation_matchup_CONMEBOL_vs_CONMEBOL": 0.263049222758538,
    "confederation_matchup_AFC_vs_UEFA": 0.2629147711575701,
    "confederation_matchup_CAF_vs_OFC": 0.21809162344697608,
    "confederation_matchup_CAF_vs_OTHER": 0.2127181978451841
  },
  "selected_algorithm": "logistic_regression"
}