{
  "algorithm": "logistic_regression",
  "training_samples": 7901,
  "test_samples": 1976,
  "accuracy": 0.9024,
  "log_loss": 0.8176,
  "cv_mean_accuracy": 0.895,
  "cv_std_accuracy": 0.0048,
  "classes": [
    "away_win",
    "draw",
    "home_win"
  ],
  "feature_importance": {
    "confederation_matchup_OFC_vs_UEFA": 0.487130561002106,
    "confederation_matchup_CAF_vs_CONCACAF": 0.4101636718864193,
    "confederation_matchup_AFC_vs_CONCACAF": 0.4019538464020671,
    "confederation_matchup_AFC_vs_CAF": 0.39218429604192734,
    "confederation_matchup_AFC_vs_OFC": 0.3752397616850794,
    "confederation_matchup_CONCACAF_vs_UEFA": 0.36002045523175824,
    "home_win_rate": 0.34791135533757095,
    "confederation_matchup_OFC_vs_OTHER": 0.3370914791513344,
    "win_rate_diff": 0.31417121319880464,
    "confederation_matchup_CONMEBOL_vs_OFC": 0.28833904283666395,
    "confederation_matchup_CAF_vs_CONMEBOL": 0.27104784538170446,
    "confederation_matchup_AFC_vs_UEFA": 0.26331125137296785,
    "confederation_matchup_CONMEBOL_vs_CONMEBOL": 0.2575463032216942,
    "confederation_matchup_CAF_vs_OFC": 0.20956238662994517,
    "confederation_matchup_CAF_vs_OTHER": 0.20386426956191936
  },
  "selected_algorithm": "logistic_regression"
}