{
  "algorithm": "logistic_regression",
  "training_samples": 7894,
  "test_samples": 1974,
  "accuracy": 0.9024,
  "log_loss": 0.8068,
  "cv_mean_accuracy": 0.895,
  "cv_std_accuracy": 0.0028,
  "classes": [
    "away_win",
    "draw",
    "home_win"
  ],
  "feature_importance": {
    "confederation_matchup_AFC_vs_OFC": 0.4263832246495936,
    "confederation_matchup_AFC_vs_CONCACAF": 0.354348353788005,
    "home_win_rate": 0.350649876310658,
    "win_rate_diff": 0.33175878088214,
    "confederation_matchup_CONCACAF_vs_UEFA": 0.3274984123345278,
    "confederation_matchup_CONMEBOL_vs_OTHER": 0.2922217375931862,
    "confederation_matchup_CAF_vs_CONCACAF": 0.26172176779028106,
    "confederation_matchup_OFC_vs_UEFA": 0.25809292384152743,
    "confederation_matchup_CONMEBOL_vs_CONMEBOL": 0.24658760537563107,
    "confederation_matchup_AFC_vs_CONMEBOL": 0.2327772604237923,
    "confederation_matchup_CAF_vs_OTHER": 0.2227106133638316,
    "confederation_matchup_CONMEBOL_vs_OFC": 0.21732534249137014,
    "confederation_matchup_CAF_vs_CONMEBOL": 0.19580603558340845,
    "confederation_matchup_AFC_vs_UEFA": 0.19328391722333182,
    "confederation_matchup_AFC_vs_CAF": 0.1837444799851443
  },
  "selected_algorithm": "logistic_regression"
}