{
  "algorithm": "logistic_regression",
  "training_samples": 7908,
  "test_samples": 1977,
  "accuracy": 0.6525,
  "log_loss": 0.8332,
  "cv_mean_accuracy": 0.6287,
  "cv_std_accuracy": 0.0022,
  "classes": [
    "away_win",
    "draw",
    "home_win"
  ],
  "feature_importance": {
    "confederation_matchup_AFC_vs_CAF": 0.4448590833536347,
    "confederation_matchup_CONMEBOL_vs_OTHER": 0.3517486942345847,
    "confederation_matchup_CAF_vs_CONCACAF": 0.35075496673554385,
    "win_rate_diff": 0.3443707348309914,
    "confederation_matchup_CAF_vs_CONMEBOL": 0.3361619865543082,
    "home_win_rate": 0.3106211914989034,
    "confederation_matchup_CONMEBOL_vs_OFC": 0.28741114331488454,
    "confederation_matchup_CONMEBOL_vs_CONMEBOL": 0.2515376272050587,
    "confederation_matchup_CONCACAF_vs_UEFA": 0.2465035807871617,
    "confederation_matchup_OFC_vs_UEFA": 0.22456886598562564,
    "confederation_matchup_AFC_vs_CONCACAF": 0.20952312176792165,
    "confederation_matchup_CAF_vs_UEFA": 0.19924067601809123,
    "away_win_rate": 0.17697701473483562,
    "confederation_matchup_CAF_vs_OTHER": 0.17527930164742175,
    "away_draw_rate": 0.17301991530187996
  },
  "selected_algorithm": "logistic_regression"
}