{
  "algorithm": "logistic_regression",
  "training_samples": 7906,
  "test_samples": 1977,
  "accuracy": 0.6464,
  "log_loss": 0.8455,
  "cv_mean_accuracy": 0.6295,
  "cv_std_accuracy": 0.0027,
  "classes": [
    "away_win",
    "draw",
    "home_win"
  ],
  "feature_importance": {
    "confederation_matchup_CAF_vs_CONCACAF": 0.4500274359351357,
    "confederation_matchup_OFC_vs_UEFA": 0.4047817632534172,
    "confederation_matchup_OFC_vs_OTHER": 0.38630486614281306,
    "win_rate_diff": 0.3629099858417602,
    "confederation_matchup_AFC_vs_OFC": 0.35843041388667585,
    "home_win_rate": 0.3345741924080568,
    "confederation_matchup_CONCACAF_vs_UEFA": 0.3268151543862697,
    "confederation_matchup_CONMEBOL_vs_CONMEBOL": 0.31431855800765374,
    "confederation_matchup_CONCACAF_vs_CONMEBOL": 0.2941515346062326,
    "confederation_matchup_AFC_vs_CAF": 0.29123901183186185,
    "confederation_matchup_CONMEBOL_vs_OFC": 0.2563202617570335,
    "confederation_matchup_AFC_vs_CONCACAF": 0.2517272959171921,
    "confederation_matchup_CAF_vs_OTHER": 0.22915774928637633,
    "confederation_matchup_CONMEBOL_vs_OTHER": 0.2262509578485042,
    "away_win_rate": 0.19750042008703006
  },
  "selected_algorithm": "logistic_regression"
}