{
  "algorithm": "logistic_regression",
  "training_samples": 7894,
  "test_samples": 1974,
  "accuracy": 0.9024,
  "log_loss": 0.8084,
  "cv_mean_accuracy": 0.895,
  "cv_std_accuracy": 0.0019,
  "classes": [
    "away_win",
    "draw",
    "home_win"
  ],
  "feature_importance": {
    "confederation_matchup_AFC_vs_OFC": 0.4273784164587567,
    "home_win_rate": 0.3575360449373,
    "confederation_matchup_AFC_vs_CONCACAF": 0.3331161315051883,
    "win_rate_diff": 0.33012291598356863,
    "confederation_matchup_CONCACAF_vs_UEFA": 0.3091343725672237,
    "confederation_matchup_CONMEBOL_vs_OTHER": 0.3007716393603966,
    "confederation_matchup_OFC_vs_UEFA": 0.2744054259045278,
    "confederation_matchup_CAF_vs_CONCACAF": 0.26682475746933304,
    "confederation_matchup_AFC_vs_CONMEBOL": 0.24250383022084035,
    "confederation_matchup_CONMEBOL_vs_CONMEBOL": 0.23948395103514875,
    "confederation_matchup_CONMEBOL_vs_OFC": 0.22744454957595414,
    "confederation_matchup_CAF_vs_OTHER": 0.22430652836102216,
    "confederation_matchup_CAF_vs_CONMEBOL": 0.20302639842786566,
    "confederation_matchup_AFC_vs_UEFA": 0.1910988015589973,
    "confederation_matchup_AFC_vs_CAF": 0.18742598239141284
  },
  "selected_algorithm": "logistic_regression"
}