{
  "algorithm": "logistic_regression",
  "training_samples": 7902,
  "test_samples": 1976,
  "accuracy": 0.9024,
  "log_loss": 0.8016,
  "cv_mean_accuracy": 0.895,
  "cv_std_accuracy": 0.0039,
  "classes": [
    "away_win",
    "draw",
    "home_win"
  ],
  "feature_importance": {
    "confederation_matchup_CAF_vs_CONCACAF": 0.4785566825355463,
    "confederation_matchup_AFC_vs_OFC": 0.4494958195659567,
    "confederation_matchup_CONCACAF_vs_CONMEBOL": 0.367938548166139,
    "confederation_matchup_OFC_vs_OTHER": 0.34783436925219097,
    "win_rate_diff": 0.33701143906768244,
    "home_win_rate": 0.31850470393797187,
    "confederation_matchup_AFC_vs_UEFA": 0.30581363961072267,
    "confederation_matchup_CONMEBOL_vs_CONMEBOL": 0.30452818313268565,
    "confederation_matchup_CONCACAF_vs_UEFA": 0.29296354076000436,
    "confederation_matchup_CONCACAF_vs_OFC": 0.2642370834922223,
    "confederation_matchup_OFC_vs_UEFA": 0.25908182123277373,
    "confederation_matchup_CONMEBOL_vs_OFC": 0.24600173974169368,
    "confederation_matchup_CAF_vs_OTHER": 0.22627339697227689,
    "confederation_matchup_CAF_vs_CONMEBOL": 0.22411343524728397,
    "confederation_matchup_CONMEBOL_vs_OTHER": 0.2224440366503221
  },
  "selected_algorithm": "logistic_regression"
}