{
  "algorithm": "logistic_regression",
  "training_samples": 7884,
  "test_samples": 1972,
  "accuracy": 0.6253,
  "log_loss": 0.862,
  "cv_mean_accuracy": 0.6291,
  "cv_std_accuracy": 0.0053,
  "classes": [
    "away_win",
    "draw",
    "home_win"
  ],
  "feature_importance": {
    "home_win_rate": 0.5048898895555229,
    "away_win_rate": 0.426764245383139,
    "confederation_matchup_CAF_vs_CONMEBOL": 0.3759635151607275,
    "confederation_matchup_CONCACAF_vs_CONMEBOL": 0.2887401441521935,
    "confederation_matchup_CONMEBOL_vs_OTHER": 0.28703453007696017,
    "confederation_matchup_CONMEBOL_vs_CONMEBOL": 0.254568500699839,
    "confederation_matchup_CAF_vs_CONCACAF": 0.25070486074823756,
    "confederation_matchup_OTHER_vs_UEFA": 0.20574936111568473,
    "confederation_matchup_CAF_vs_OTHER": 0.2022445118698092,
    "confederation_matchup_CAF_vs_UEFA": 0.1955445469690474,
    "away_draw_rate": 0.1829475301598793,
    "confederation_matchup_CONCACAF_vs_CONCACAF": 0.17509279607445202,
    "confederation_matchup_CAF_vs_CAF": 0.1680833614550925,
    "confederation_matchup_AFC_vs_AFC": 0.1579916885889964,
    "home_conceded_pg": 0.14526883115197167
  },
  "selected_algorithm": "logistic_regression"
}